"id";"bAdc";"bBan1";"bBan2";"bBan3";"bJungle";"bMid";"bSupport";"bTop";"blueTeam";"gameDate";"gameLink";"gameName";"patch";"rAdc";"rBan1";"rBan2";"rBan3";"rJungle";"rMid";"rSupport";"rTop";"redTeam";"region"
1;"Lucian";"Rumble";"Vladimir";"Sivir";"Reksai";"Cassiopeia";"Braum";"Ekko";"C9";"2016-09-05";"https://www.youtube.com/watch?v=LlE0BgU-3UU";"Game 4 S6 Worlds 2016 NA Regional Gauntlet Final Round 3";"615";"Jhin";"Gangplank";"Syndra";"Gnar";"Gragas";"Taliyah";"Taric";"Yasuo";"IMT";"NA"
2;"Ashe";"Jhin";"Sivir";"Cassiopeia";"Reksai";"Vladimir";"Braum";"Yasuo";"IMT";"2016-09-05";"https://www.youtube.com/watch?v=FDgjoyBdHZc";"Game 3 S6 Worlds 2016 NA Regional Gauntlet Final Round 3";"615";"Ezreal";"Rumble";"Gangplank";"Gnar";"Gragas";"Malzahar";"Trundle";"Shen";"C9";"NA"
3;"Lucian";"Rumble";"Vladimir";"Sivir";"Gragas";"Syndra";"Karma";"Gnar";"C9";"2016-09-05";"https://www.youtube.com/watch?v=sPRdRXs4UJw";"Game 2 S6 Worlds 2016 NA Regional Gauntlet Final Round 3";"615";"Jhin";"Gangplank";"Trundle";"Reksai";"Nidalee";"Varus";"Tahm Kench";"Ekko";"IMT";"NA"
4;"Ezreal";"Tahm Kench";"Sivir";"Gragas";"Reksai";"Vladimir";"Bard";"Ekko";"IMT";"2016-09-05";"https://www.youtube.com/watch?v=4mw7xKWzAe0";"Game 1 S6 Worlds 2016 NA Regional Gauntlet Final Round 3";"615";"Jhin";"Rumble";"Gangplank";"Karma";"Zac";"Cassiopeia";"Braum";"Gnar";"C9";"NA"
5;"Jhin";"Vladimir";"Kassadin";"Ashe";"Gragas";"Malzahar";"Bard";"Gangplank";"SPY";"2016-09-05";"https://www.youtube.com/watch?v=idtSy_BWzAA";"Game 5 S6 Worlds 2016 EU Regional Gauntlet Final Round 3";"615";"Lucian";"Sivir";"Tahm Kench";"Reksai";"Nidalee";"Karma";"Alistar";"Shen";"UOL";"EUW"
6;"Sivir";"Gnar";"Reksai";"Tahm Kench";"Nidalee";"Karma";"Bard";"Shen";"UOL";"2016-09-05";"https://www.youtube.com/watch?v=HtOLGcWTric";"Game 4 S6 Worlds 2016 EU Regional Gauntlet Final Round 3";"615";"Lucian";"Vladimir";"Kassadin";"Ryze";"Elise";"Malzahar";"Trundle";"Gangplank";"SPY";"EUW"
7;"Jhin";"Vladimir";"Kassadin";"Elise";"Reksai";"Malzahar";"Bard";"Gangplank";"SPY";"2016-09-05";"https://www.youtube.com/watch?v=KCh5o-jAnLo";"Game 3 S6 Worlds 2016 EU Regional Gauntlet Final Round 3";"615";"Ezreal";"Taliyah";"Sivir";"Gnar";"Gragas";"Ryze";"Tahm Kench";"Shen";"UOL";"EUW"
8;"Sivir";"Gnar";"Reksai";"Tahm Kench";"Gragas";"Ryze";"Karma";"Shen";"UOL";"2016-09-05";"https://www.youtube.com/watch?v=4Q_iGmnssGg";"Game 2 S6 Worlds 2016 EU Regional Gauntlet Final Round 3";"615";"Lucian";"Vladimir";"Kassadin";"Elise";"Nidalee";"Taliyah";"Trundle";"Gangplank";"SPY";"EUW"
9;"Sivir";"Gnar";"Gangplank";"Tahm Kench";"Elise";"Ryze";"Braum";"Renekton";"UOL";"2016-09-05";"https://www.youtube.com/watch?v=G3GvHiKM_tk";"Game 1 S6 Worlds 2016 EU Regional Gauntlet Final Round 3";"615";"Lucian";"Vladimir";"Shen";"Kassadin";"Reksai";"Taliyah";"Trundle";"Kennen";"SPY";"EUW"
10;"Ashe";"Shen";"Jhin";"Brand";"Elise";"Cassiopeia";"Bard";"Gnar";"LYN";"2016-09-04";"https://www.youtube.com/watch?v=B-chy-pX4Co";"Game 5 | Finals #2 S6 Worlds 2016 Wildcard Qualifiers";"616";"Lucian";"Tahm Kench";"Sivir";"Ezreal";"Gragas";"Anivia";"Taric";"Gangplank";"ANX";"WILD"
11;"Lucian";"Sivir";"TamhKench";"Cassiopeia";"Reksai";"Viktor";"Bard";"Gnar";"ANX";"2016-09-04";"https://www.youtube.com/watch?v=Ns1KdyZPPxE";"Game 4 | Finals #2 S6 Worlds 2016 Wildcard Qualifiers";"616";"Ashe";"Shen";"Jhin";"Vladimir";"Gragas";"Anivia";"Janna";"Ekko";"LYN";"WILD"
12;"Ezreal";"Shen";"Gangplank";"Jhin";"Elise";"Vladimir";"Tahm Kench";"Trundle";"LYN";"2016-09-04";"https://www.youtube.com/watch?v=H6OwGuQRN0I";"Game 3 | Finals #2 S6 Worlds 2016 Wildcard Qualifiers";"616";"Ashe";"Sivir";"Gnar";"Cassiopeia";"Gragas";"Malzahar";"Bard";"Ekko";"ANX";"WILD"
13;"Jhin";"Sivir";"Cassiopeia";"Tahm Kench";"Gragas";"Anivia";"Bard";"Gangplank";"ANX";"2016-09-04";"https://www.youtube.com/watch?v=11GDcrKkVeI";"Game 2 | Finals #2 S6 Worlds 2016 Wildcard Qualifiers";"616";"Lucian";"Shen";"Vladimir";"Malzahar";"Zac";"Lissandra";"Braum";"Gnar";"LYN";"WILD"
14;"Ashe";"Shen";"Vladimir";"Bard";"Elise";"Cassiopeia";"Tahm Kench";"Gnar";"LYN";"2016-09-04";"https://www.youtube.com/watch?v=tkwq4mJ9Vvk";"Game 1 | Finals #2 S6 Worlds 2016 Wildcard Qualifiers";"616";"Jhin";"Sivir";"Braum";"Nidalee";"Gragas";"Varus";"Brand";"Gangplank";"ANX";"WILD"
15;"Jhin";"Elise";"Vladimir";"Nidalee";"Reksai";"Taliyah";"Bard";"Gangplank";"FNC";"2016-09-04";"https://www.youtube.com/watch?v=lg4lyv8YUKs";"Game 1 S6 Worlds 2016 EU Regional Gauntlet Qualifiers Round 2";"615";"Tristana";"Ekko";"Braum";"Sivir";"Gragas";"Kassadin";"Tahm Kench";"Shen";"UOL";"EUW"
16;"Lucian";"Shen";"Kassadin";"Tahm Kench";"Reksai";"Vladimir";"Trundle";"Yasuo";"FNC";"2016-09-04";"https://www.youtube.com/watch?v=2802_v_Qqow";"Game 2 S6 Worlds 2016 EU Regional Gauntlet Qualifiers Round 2";"615";"Sivir";"Ekko";"Braum";"Gangplank";"Elise";"Ryze";"Karma";"Gnar";"UOL";"EUW"
17;"Sivir";"Ekko";"Braum";"Yasuo";"Elise";"Vladimir";"Bard";"Shen";"UOL";"2016-09-04";"https://www.youtube.com/watch?v=4gnfLe0jgNU";"Game 3 S6 Worlds 2016 EU Regional Gauntlet Qualifiers Round 2";"615";"Lucian";"Kassadin";"Reksai";"Karma";"Nidalee";"Taliyah";"Trundle";"Maokai";"FNC";"EUW"
18;"Ashe";"Karma";"Sivir";"Vladimir";"Reksai";"Taliyah";"Braum";"Gnar";"C9";"2016-09-04";"https://www.youtube.com/watch?v=QzjmS4Pz6ow";"Game 1 S6 Worlds 2016 NA Regional Gauntlet Qualifiers Round 2";"615";"Jhin";"Tahm Kench";"Shen";"Gangplank";"Gragas";"Ekko";"Trundle";"Kennen";"NV";"NA"
19;"Jhin";"Tahm Kench";"Shen";"Gangplank";"Gragas";"Varus";"Morgana";"Ekko";"C9";"2016-09-04";"https://www.youtube.com/watch?v=uaqRxSWGays";"Game 2 S6 Worlds 2016 NA Regional Gauntlet Qualifiers Round 2";"615";"Ashe";"Sivir";"Karma";"Gnar";"Reksai";"Cassiopeia";"Braum";"Yasuo";"NV";"NA"
20;"Ashe";"Sivir";"Karma";"Vladimir";"Reksai";"Taliyah";"Tahm Kench";"Ekko";"C9";"2016-09-04";"https://www.youtube.com/watch?v=zBu-awWp1n4";"Game 3 S6 Worlds 2016 NA Regional Gauntlet Qualifiers Round 2";"615";"Varus";"Shen";"Gangplank";"Gnar";"Nidalee";"Jhin";"Braum";"Kassdin";"NV";"NA"
21;"Ashe";"Fiora";"Elise";"Cassiopeia";"Gragas";"Vladimir";"Karma";"Ekko";"ITZ";"2016-09-03";"https://www.youtube.com/watch?v=tMzQ-WiE1bw";"Game 1 | Finals #1 S6 Worlds 2016 Wildcard Qualifiers";"616";"Lucian";"Gnar";"Gangplank";"Shen";"Reksai";"Malzahar";"Braum";"Trundle";"DP";"WILD"
22;"Ezreal";"Gnar";"Gangplank";"Vladimir";"Nidalee";"Varus";"Trundle";"Shen";"DP";"2016-09-03";"https://www.youtube.com/watch?v=Ih4c-2ZKgls";"Game 2 | Finals #1 S6 Worlds 2016 Wildcard Qualifiers";"616";"Sivir";"Fiora";"Elise";"Cassiopeia";"Gragas";"Lissandra";"Bard";"Ekko";"ITZ";"WILD"
23;"Ashe";"Fiora";"Cassiopeia";"Shen";"Elise";"Karma";"Alistar";"Ekko";"ITZ";"2016-09-03";"https://www.youtube.com/watch?v=GhJP1fVcDKs";"Game 3 | Finals #1 S6 Worlds 2016 Wildcard Qualifiers";"616";"Ezreal";"Gnar";"Vladimir";"Gangplank";"Nidalee";"Varus";"Braum";"Trundle";"DP";"WILD"
24;"Sivir";"Gnar";"Vladimir";"Gangplank";"Reksai";"Cassiopeia";"Tahm Kench";"Ekko";"DP";"2016-09-03";"https://www.youtube.com/watch?v=wl9g0cp9pYo";"Game 4 | Finals #1 S6 Worlds 2016 Wildcard Qualifiers";"616";"Ezreal";"Fiora";"Nidalee";"Shen";"Elise";"Malzahar";"Karma";"Trundle";"ITZ";"WILD"
25;"Ashe";"Fiora";"Nidalee";"Cassiopeia";"Reksai";"Malzahar";"Tahm Kench";"Shen";"ITZ";"2016-09-03";"https://www.youtube.com/watch?v=LWW8qElWb-U";"Game 5 | Finals #1 S6 Worlds 2016 Wildcard Qualifiers";"616";"Sivir";"Gnar";"Gangplank";"Vladimir";"Elise";"Lissandra";"Braum";"Trundle";"DP";"WILD"
26;"Sivir";"Kassadin";"Ryze";"Anivia";"Elise";"Taliyah";"Trundle";"Gnar";"GIA";"2016-09-03";"https://www.youtube.com/watch?v=LUgM_mbWa7E";"Game 1 S6 Worlds 2016 EU Regional Gauntlet Qualifiers Round 1";"615";"Ashe";"Cassiopeia";"Reksai";"Vladimir";"Nidalee";"Karma";"Alistar";"Shen";"UOL";"EUW"
27;"Lucian";"Kassadin";"Karma";"Ryze";"Elise";"Vladimir";"Braum";"Gangplank";"GIA";"2016-09-03";"https://www.youtube.com/watch?v=alsKvWLblkk";"Game 2 S6 Worlds 2016 EU Regional Gauntlet Qualifiers Round 1";"615";"Sivir";"Cassiopeia";"Reksai";"Gnar";"Nidalee";"Anivia";"Taric";"Shen";"UOL";"EUW"
28;"Sivir";"Kassadin";"Karma";"Nidalee";"Reksai";"Malzahar";"Tahm Kench";"Gnar";"GIA";"2016-09-03";"https://www.youtube.com/watch?v=-DsE470B5tI";"Game 3 S6 Worlds 2016 EU Regional Gauntlet Qualifiers Round 1";"615";"Vayne";"Cassiopeia";"Ekko";"Ryze";"Elise";"Vladimir";"Alistar";"Shen";"UOL";"EUW"
29;"Jhin";"Karma";"Kennen";"Gangplank";"Gragas";"Vladimir";"Alistar";"Ekko";"TL";"2016-08-28";"https://www.youtube.com/watch?v=d6-eSv60eq0";"Game 1 S6 Worlds 2016 NA Regional Gauntlet Qualifiers Round 1";"615";"Sivir";"Tahm Kench";"Shen";"Gnar";"Reksai";"Kassadin";"Braum";"Malzahar";"NV";"NA"
30;"Sivir";"Karma";"Kennen";"Gangplank";"Reksai";"Kassadin";"Bard";"Ekko";"TL";"2016-08-28";"https://www.youtube.com/watch?v=N40QzE8lBgg";"Game 2 S6 Worlds 2016 NA Regional Gauntlet Qualifiers Round 1";"615";"Lucian";"Tahm Kench";"Shen";"Gnar";"Gragas";"Vladimir";"Braum";"Irelia";"NV";"NA"
31;"Jhin";"Shen";"Tahm Kench";"Gangplank";"Gragas";"Cassiopeia";"Morgana";"Gnar";"TL";"2016-08-28";"https://www.youtube.com/watch?v=7geQ5V5Wlv0";"Game 3 S6 Worlds 2016 NA Regional Gauntlet Qualifiers Round 1";"615";"Jinx";"Karma";"Sivir";"Kennen";"Reksai";"Syndra";"Braum";"Ekko";"NV";"NA"
32;"Ashe";"Vladimir";"Karma";"Gangplank";"Reksai";"Syndra";"Tahm Kench";"Gnar";"C9";"2016-08-13";"https://www.youtube.com/watch?v=7WPGqzJiVAI";"Game 1 Quarter Finals S6 NA LCS Summer 2016 Playoffs";"615";"Sivir";"Shen";"Taliyah";"Cassiopeia";"Gragas";"Lissandra";"Braum";"Kennen";"NV";"NA"
33;"Ashe";"Vladimir";"Sivir";"Karma";"Reksai";"Syndra";"Thresh";"Gnar";"C9";"2016-08-13";"https://www.youtube.com/watch?v=CHGFy3jqb6Y";"Game 2 Quarter Finals S6 NA LCS Summer 2016 Playoffs";"615";"Jhin";"Shen";"Taliyah";"Tahm Kench";"Gragas";"Lissandra";"Braum";"Gangplank";"NV";"NA"
34;"Jhin";"Vladimir";"Sivir";"Karma";"Gragas";"Cassiopeia";"Tahm Kench";"Gnar";"C9";"2016-08-13";"https://www.youtube.com/watch?v=tZa5armMbTM";"Game 3 Quarter Finals S6 NA LCS Summer 2016 Playoffs";"615";"Ashe";"Shen";"Taliyah";"Syndra";"Reksai";"Jayce";"Thresh";"Kennen";"NV";"NA"
35;"Jhin";"Shen";"Taliyah";"Syndra";"Lee sin";"Pantheon";"Karma";"Lissandra";"NV";"2016-08-13";"https://www.youtube.com/watch?v=_VaHLu2dHKI";"Game 4 Quarter Finals S6 NA LCS Summer 2016 Playoffs";"615";"Ashe";"Vladimir";"Sivir";"Tahm Kench";"Gragas";"Leblanc";"Thresh";"Gnar";"C9";"NA"
36;"Jhin";"Shen";"Taliyah";"Vladimir";"Gragas";"Syndra";"Karma";"Gnar";"CLG";"2016-08-14";"https://www.youtube.com/watch?v=mm06k2eahlw";"Game 1 Quarter Finals S6 NA LCS Summer 2016 Playoffs";"615";"Ashe";"Sivir";"Soraka";"Cassiopeia";"Reksai";"Leblanc";"Tahm Kench";"Irelia";"TL";"NA"
37;"Ashe";"Shen";"Taliyah";"Vladimir";"Reksai";"Viktor";"Bard";"Gnar";"CLG";"2016-08-14";"https://www.youtube.com/watch?v=qmu05Q63xVc";"Game 2 Quarter Finals S6 NA LCS Summer 2016 Playoffs";"615";"Jhin";"Sivir";"Karma";"Syndra";"Gragas";"Cassiopeia";"Braum";"Irelia";"TL";"NA"
38;"Ezreal";"Taliyah";"Vladimir";"Shen";"Gragas";"Viktor";"Bard";"Gnar";"CLG";"2016-08-14";"https://www.youtube.com/watch?v=4vXi2GPep-c";"Game 3 Quarter Finals S6 NA LCS Summer 2016 Playoffs";"615";"Ashe";"Sivir";"Karma";"Syndra";"Reksai";"Cassiopeia";"Braum";"Irelia";"TL";"NA"
39;"Sivir";"Taliyah";"Vladimir";"Shen";"Olaf";"Aurelion Sol";"Bard";"Gnar";"CLG";"2016-08-14";"https://www.youtube.com/watch?v=YnC4aY80Jdo";"Game 4 Quarter Finals S6 NA LCS Summer 2016 Playoffs";"615";"Ashe";"Karma";"Syndra";"Ekko";"Gragas";"Cassiopeia";"Braum";"Irelia";"TL";"NA"
40;"Jhin";"Ekko";"Tahm Kench";"Bard";"Elise";"Taliyah";"Trundle";"Rumble";"IMT";"2016-08-20";"https://www.youtube.com/watch?v=GW7btlIyIJc";"Game 1 Semi Finals S6 NA LCS Summer 2016 Playoffs";"615";"Sivir";"Vladimir";"Karma";"Gragas";"Reksai";"Leblanc";"Braum";"Gangplank";"C9";"NA"
41;"Sivir";"Vladimir";"Rumble";"Karma";"Gragas";"Syndra";"Braum";"Gangplank";"C9";"2016-08-20";"https://www.youtube.com/watch?v=aXATcqyGz3M";"Game 2 Semi Finals S6 NA LCS Summer 2016 Playoffs";"615";"Jhin";"Taliyah";"Tahm Kench";"Bard";"Reksai";"Leblanc";"Trundle";"Riven";"IMT";"NA"
42;"Ashe";"Tahm Kench";"Taliyah";"Karma";"Reksai";"Viktor";"Taric";"Kennen";"IMT";"2016-08-20";"https://www.youtube.com/watch?v=4xVKuSmcMWM";"Game 3 Semi Finals S6 NA LCS Summer 2016 Playoffs";"615";"Sivir";"Vladimir";"Rumble";"Gangplank";"Gragas";"Zilean";"Trundle";"Gnar";"C9";"NA"
43;"Jhin";"Vladimir";"Rumble";"Karma";"Reksai";"Lissandra";"Tahm Kench";"Ekko";"C9";"2016-08-20";"https://www.youtube.com/watch?v=SpjEPGa7WKE";"Game 4 Semi Finals S6 NA LCS Summer 2016 Playoffs";"615";"Ashe";"Sivir";"Syndra";"Trundle";"Elise";"Taliyah";"Taric";"Gangplank";"IMT";"NA"
44;"Jhin";"Sivir";"Gnar";"Vladimir";"Reksai";"Taliyah";"Trundle";"Lissandra";"IMT";"2016-08-20";"https://www.youtube.com/watch?v=8LDAVB7BuzI";"Game 5 Semi Finals S6 NA LCS Summer 2016 Playoffs";"615";"Ashe";"Rumble";"Karma";"Gangplank";"Gragas";"Syndra";"Tahm Kench";"Ekko";"C9";"NA"
45;"Jhin";"Bard";"Ekko";"Olaf";"Reksai";"Cassiopeia";"Trundle";"Gangplank";"TSM";"2016-08-20";"https://www.youtube.com/watch?v=ZiYzBF4Pn0c";"Game 1 Semi Finals S6 NA LCS Summer 2016 Playoffs";"615";"Sivir";"Tahm Kench";"Vladimir";"Karma";"Gragas";"Taliyah";"Soraka";"Gnar";"CLG";"NA"
46;"Caitlyn";"Tahm Kench";"Vladimir";"Gangplank";"Gragas";"Syndra";"Karma";"Ekko";"CLG";"2016-08-20";"https://www.youtube.com/watch?v=9uJ4_NOEpsY";"Game 2 Semi Finals S6 NA LCS Summer 2016 Playoffs";"615";"Sivir";"Bard";"Olaf";"Ashe";"Reksai";"Lissandra";"Braum";"Gnar";"TSM";"NA"
47;"Sivir";"Bard";"Olaf";"Ashe";"Reksai";"Lissandra";"Braum";"Gangplank";"TSM";"2016-08-20";"https://www.youtube.com/watch?v=JfBTeFu1jNk";"Game 3 Semi Finals S6 NA LCS Summer 2016 Playoffs";"615";"Jhin";"Tahm Kench";"Vladimir";"Cassiopeia";"Gragas";"Kassadin";"Karma";"Ekko";"CLG";"NA"
48;"Jhin";"Syndra";"Gnar";"Olaf";"Gragas";"Vladimir";"Tahm Kench";"Ekko";"TSM";"2016-08-28";"https://www.youtube.com/watch?v=QZns7p1sNGY";"Game 1 Finals S6 NA LCS Summer 2016 Playoffs";"615";"Ashe";"Karma";"Gangplank";"Sivir";"Reksai";"Cassiopeia";"Trundle";"Shen";"C9";"NA"
49;"Ashe";"Karma";"Vladimir";"Sivir";"Gragas";"Velkoz";"Trundle";"Gnar";"C9";"2016-08-28";"https://www.youtube.com/watch?v=fx6K3v4KRx4";"Game 2 Finals S6 NA LCS Summer 2016 Playoffs";"615";"Jhin";"Tahm Kench";"Gangplank";"Syndra";"Reksai";"Cassiopeia";"Braum";"Ekko";"TSM";"NA"
50;"Jhin";"Syndra";"Tahm Kench";"Vladimir";"Reksai";"Cassiopeia";"Bard";"Ekko";"TSM";"2016-08-28";"https://www.youtube.com/watch?v=GXBPt0ebCHs";"Game 3 Finals S6 NA LCS Summer 2016 Playoffs";"615";"Ashe";"Karma";"Gangplank";"Sivir";"Zac";"Velkoz";"Trundle";"Gnar";"C9";"NA"
51;"Jhin";"Karma";"Sivir";"Cassiopeia";"Reksai";"Taliyah";"Braum";"Gnar";"C9";"2016-08-28";"https://www.youtube.com/watch?v=_M-LanGGdno";"Game 4 Finals S6 NA LCS Summer 2016 Playoffs";"615";"Lucian";"Gangplank";"Syndra";"Tahm Kench";"Gragas";"Vladimir";"Trundle";"Shen";"TSM";"NA"
52;"Jhin";"Gangplank";"Kassadin";"Bard";"Gragas";"Vladimir";"Karma";"Gnar";"GIA";"2016-08-13";"https://www.youtube.com/watch?v=2iHt0ChIyto";"Game 1 Quarter Finals S6 EU LCS Summer 2016 Playoffs";"615";"Ashe";"Lissandra";"Nidalee";"Shen";"Reksai";"Ryze";"Braum";"Kennen";"UOL";"EUW"
53;"Ashe";"Lissandra";"Nidalee";"Cassiopeia";"Graves";"Kassadin";"Alistar";"Irelia";"UOL";"2016-08-13";"https://www.youtube.com/watch?v=YJKfbiyvNdA";"Game 2 Quarter Finals S6 EU LCS Summer 2016 Playoffs";"615";"Sivir";"Shen";"Reksai";"Ryze";"Elise";"Ekko";"Taric";"Trundle";"GIA";"EUW"
54;"Corki";"Lissandra";"Nidalee";"Taric";"Reksai";"Vladimir";"Bard";"Gnar";"UOL";"2016-08-13";"https://www.youtube.com/watch?v=3kl-iyjR0Kk";"Game 3 Quarter Finals S6 EU LCS Summer 2016 Playoffs";"615";"Sivir";"Shen";"Ryze";"Kassadin";"Elise";"Cassiopeia";"Tahm Kench";"Irelia";"GIA";"EUW"
55;"Lucian";"Lissandra";"Taric";"Nidalee";"Reksai";"Kassadin";"Braum";"Irelia";"UOL";"2016-08-13";"https://www.youtube.com/watch?v=MZg0RncolT4";"Game 4 Quarter Finals S6 EU LCS Summer 2016 Playoffs";"615";"Sivir";"Shen";"Kennen";"Bard";"Elise";"Ryze";"Alistar";"Gnar";"GIA";"EUW"
56;"Tristana";"Kassadin";"Irelia";"Gnar";"Elise";"Vladimir";"Taric";"Ekko";"H2K";"2016-08-16";"https://www.youtube.com/watch?v=kNaEC2QXrYw";"Game 1 Quarter Finals S6 EU LCS Summer 2016 Playoffs";"615";"Sivir";"Reksai";"Shen";"Lucian";"Nidalee";"Lissandra";"Braum";"Gangplank";"FNC";"EUW"
57;"Lucian";"Ekko";"Gragas";"Elise";"Graves";"Lissandra";"Braum";"Gnar";"FNC";"2016-08-16";"https://www.youtube.com/watch?v=OKPxZSMowpA";"Game 2 Quarter Finals S6 EU LCS Summer 2016 Playoffs";"615";"Sivir";"Shen";"Reksai";"Irelia";"Nidalee";"Vladimir";"Taric";"Gangplank";"H2K";"EUW"
58;"Sivir";"Kassadin";"Irelia";"Gnar";"Hecarim";"Vladimir";"Taric";"Shen";"H2K";"2016-08-16";"https://www.youtube.com/watch?v=A88YRb2DczA";"Game 3 Quarter Finals S6 EU LCS Summer 2016 Playoffs";"615";"Lucian";"Reksai";"Ekko";"Elise";"Nidalee";"Cassiopeia";"Trundle";"Gangplank";"FNC";"EUW"
59;"Lucian";"Bard";"Kassadin";"Aurelion Sol";"Reksai";"Taliyah";"Taric";"Ekko";"H2K";"2016-08-20";"https://www.youtube.com/watch?v=GledCLiBUiU";"Game 1 Semi Finals S6 EU LCS Summer 2016 Playoffs";"615";"Ashe";"Elise";"Shen";"Sivir";"Gragas";"Vladimir";"Tahm Kench";"Gnar";"SPY";"EUW"
60;"Ashe";"Bard";"Kassadin";"Aurelion Sol";"Reksai";"Vladimir";"Taric";"Ekko";"H2K";"2016-08-20";"https://www.youtube.com/watch?v=wmJpaQKSlNo";"Game 2 Semi Finals S6 EU LCS Summer 2016 Playoffs";"615";"Jhin";"Elise";"Shen";"Sivir";"Gragas";"Taliyah";"Tahm Kench";"Gnar";"SPY";"EUW"
61;"Ashe";"Bard";"Kassadin";"Aurelion Sol";"Reksai";"Vladimir";"Tahm Kench";"Gangplank";"H2K";"2016-08-20";"https://www.youtube.com/watch?v=DfWmnoYECmA";"Game 3 Semi Finals S6 EU LCS Summer 2016 Playoffs";"615";"Jhin";"Elise";"Shen";"Sivir";"Gragas";"Taliyah";"Braum";"Gnar";"SPY";"EUW"
62;"Ashe";"Bard";"Kassadin";"Aurelion Sol";"Reksai";"Vladimir";"Tahm Kench";"Gangplank";"H2K";"2016-08-20";"https://www.youtube.com/watch?v=YdIho82QEg4";"Game 4 Semi Finals S6 EU LCS Summer 2016 Playoffs";"615";"Sivir";"Elise";"Shen";"Taliyah";"Gragas";"Malzahar";"Karma";"Gnar";"SPY";"EUW"
63;"Lucian";"Bard";"Kassadin";"Aurelion Sol";"Reksai";"Vladimir";"Karma";"Gangplank";"H2K";"2016-08-20";"https://www.youtube.com/watch?v=EgkPvGP_ivw";"Game 5 Semi Finals S6 EU LCS Summer 2016 Playoffs";"615";"Sivir";"Elise";"Shen";"Taliyah";"Gragas";"Malzahar";"Tahm Kench";"Gnar";"SPY";"EUW"
64;"Jhin";"Kassadin";"Ryze";"Irelia";"Reksai";"Vladimir";"Tahm Kench";"Gangplank";"G2";"2016-08-21";"https://www.youtube.com/watch?v=kyoUT2W2z1g";"Game 1 Semi Finals S6 EU LCS Summer 2016 Playoffs";"615";"Ashe";"Malzahar";"Shen";"Sivir";"Elise";"Anivia";"Braum";"Gnar";"UOL";"EUW"
65;"Lucian";"Tahm Kench";"Malzahar";"Gangplank";"Gragas";"Kassadin";"Taric";"Shen";"UOL";"2016-08-21";"https://www.youtube.com/watch?v=jAFS7Z7kIt8";"Game 2 Semi Finals S6 EU LCS Summer 2016 Playoffs";"615";"Sivir";"Ryze";"Vladimir";"Ashe";"Reksai";"Lissandra";"Trundle";"Gnar";"G2";"EUW"
66;"Lucian";"Tahm Kench";"Malzahar";"Gangplank";"Gragas";"Leblanc";"Taric";"Shen";"UOL";"2016-08-21";"https://www.youtube.com/watch?v=iKyV30BVahc";"Game 3 Semi Finals S6 EU LCS Summer 2016 Playoffs";"615";"Sivir";"Ryze";"Vladimir";"Kassadin";"Reksai";"Taliyah";"Soraka";"Gnar";"G2";"EUW"
67;"Tristana";"Ryze";"Kassadin";"Reksai";"Elise";"Malzahar";"Braum";"Gnar";"G2";"2016-08-21";"https://www.youtube.com/watch?v=qY4-qBqR1Ok";"Game 4 Semi Finals S6 EU LCS Summer 2016 Playoffs";"615";"Sivir";"Tahm Kench";"Shen";"Ashe";"Gragas";"Vladimir";"Taric";"Irelia";"UOL";"EUW"
68;"Sivir";"Vladimir";"Kassadin";"Elise";"Hecarim";"Syndra";"Tahm Kench";"Shen";"SPY";"2016-08-28";"https://www.youtube.com/watch?v=LjJTAVHgDNs";"Game 1 Finals S6 EU LCS Summer 2016 Playoffs";"615";"Lucian";"Taliyah";"Reksai";"Gnar";"Gragas";"Ekko";"Trundle";"Gangplank";"G2";"EUW"
69;"Lucian";"Kassadin";"Tahm Kench";"Taliyah";"Reksai";"Ekko";"Soraka";"Gnar";"G2";"2016-08-28";"https://www.youtube.com/watch?v=rwK07gP6dmE";"Game 2 Finals S6 EU LCS Summer 2016 Playoffs";"615";"Sivir";"Elise";"Trundle";"Gangplank";"Gragas";"Vladimir";"Karma";"Shen";"SPY";"EUW"
70;"Sivir";"Kassadin";"Taliyah";"Ryze";"Gragas";"Vladimir";"Tahm Kench";"Gnar";"SPY";"2016-08-28";"https://www.youtube.com/watch?v=qu69898xEXs";"Game 3 Finals S6 EU LCS Summer 2016 Playoffs";"615";"Caitlyn";"Elise";"Trundle";"Gangplank";"Reksai";"Malzahar";"Karma";"Shen";"G2";"EUW"
71;"Jhin";"Taliyah";"Malzahar";"Gnar";"Elise";"Vladimir";"Braum";"Shen";"SPY";"2016-08-28";"https://www.youtube.com/watch?v=UUmneH_RrYw";"Game 4 Finals S6 EU LCS Summer 2016 Playoffs";"615";"Ashe";"Gangplank";"Sivir";"Kassadin";"Reksai";"Ryze";"Tahm Kench";"Fiora";"G2";"EUW"
72;"Ashe";"Ekko";"Taliyah";"Gnar";"Reksai";"Vladimir";"Tahm Kench";"Gangplank";"UOL";"2016-08-27";"https://www.youtube.com/watch?v=y39-udfVouk";"Game 1 3rd Place S6 EU LCS Summer 2016 Playoffs";"615";"Sivir";"Ryze";"Kassadin";"Elise";"Gragas";"Cassiopeia";"Karma";"Shen";"H2K";"EUW"
73;"Lucian";"Ekko";"Taliyah";"Sivir";"Reksai";"Vladimir";"Trundle";"Gnar";"UOL";"2016-08-27";"https://www.youtube.com/watch?v=AB5Suyqx1ak";"Game 2 3rd Place S6 EU LCS Summer 2016 Playoffs";"615";"Ashe";"Ryze";"Kassadin";"Jhin";"Gragas";"Cassiopeia";"Tahm Kench";"Shen";"H2K";"EUW"
74;"Lucian";"Sivir";"Taliyah";"Ekko";"Reksai";"Viktor";"Trundle";"Gnar";"UOL";"2016-08-27";"https://www.youtube.com/watch?v=73lDUc7SDAE";"Game 3 3rd Place S6 EU LCS Summer 2016 Playoffs";"615";"Tristana";"Ryze";"Kassadin";"Anivia";"Vladimir";"Elise";"Braum";"Shen";"H2K";"EUW"
75;"Ashe";"Bard";"Sivir";"Vladimir";"Elise";"Karma";"Trundle";"Gnar";"IMT";"2016-08-27";"https://www.youtube.com/watch?v=JzddcR96Ck8";"Game 1 3rd Place S6 NA LCS Summer 2016 Playoffs";"615";"Jhin";"Rumble";"Tahm Kench";"Gangplank";"Reksai";"Syndra";"Braum";"Shen";"CLG";"NA"
76;"Kalista";"Rumble";"Tahm Kench";"Karma";"Reksai";"Malzahar";"Alistar";"Shen";"CLG";"2016-08-27";"https://www.youtube.com/watch?v=YFyMAjB3C50";"Game 2 3rd Place S6 NA LCS Summer 2016 Playoffs";"615";"Sivir";"Bard";"Gnar";"Gangplank";"Gragas";"Vladimir";"Trundle";"Ekko";"IMT";"NA"
77;"Jhin";"Rumble";"Tahm Kench";"Sivir";"Reksai";"Kassadin";"Braum";"Shen";"CLG";"2016-08-27";"https://www.youtube.com/watch?v=hEcjz7sseyY";"Game 3 3rd Place S6 NA LCS Summer 2016 Playoffs";"615";"Ezreal";"Bard";"Gangplank";"Gnar";"Gragas";"Vladimir";"Karma";"Ekko";"IMT";"NA"
78;"Jhin";"Rumble";"Tahm Kench";"Vladimir";"Reksai";"Velkoz";"Braum";"Shen";"CLG";"2016-08-27";"https://www.youtube.com/watch?v=W5-wxG9WnRo";"Game 4 3rd Place S6 NA LCS Summer 2016 Playoffs";"615";"Sivir";"Bard";"Gangplank";"Syndra";"Elise";"Cassiopeia";"Trundle";"Gnar";"IMT";"NA"
79;"Ezreal";"Bard";"Jhin";"Gnar";"Gragas";"Vladimir";"Taric";"Ekko";"IMT";"2016-08-27";"https://www.youtube.com/watch?v=KBBEWCsA5bA";"Game 5 3rd Place S6 NA LCS Summer 2016 Playoffs";"615";"Sivir";"Rumble";"Tahm Kench";"Gangplank";"Reksai";"Malzahar";"Braum";"Shen";"CLG";"NA"
80;"Sivir";"Shen";"Karma";"Vladimir";"Elise";"Lissandra";"Trundle";"Irelia";"SS";"2016-08-27";"https://www.youtube.com/watch?v=7_VjiZlk_mk";"Game 1 S6 Worlds 2016 LPL Regional Gauntlet Qualifiers Round 1";"616";"Ashe";"Gangplank";"Gnar";"Reksai";"Gragas";"Malzahar";"Tahm Kench";"Ekko";"VG";"LPL"
81;"Ashe";"Gangplank";"Reksai";"Taliyah";"Graves";"Malzahar";"Tahm Kench";"Ekko";"VG";"2016-08-27";"https://www.youtube.com/watch?v=ZgI5Q3kuusM";"Game 2 S6 Worlds 2016 LPL Regional Gauntlet Qualifiers Round 1";"616";"Jhin";"Shen";"Vladimir";"Lissandra";"Gragas";"Karma";"Braum";"Gnar";"SS";"LPL"
82;"Sivir";"Shen";"Tahm Kench";"Malzahar";"Graves";"Lissandra";"Taric";"Ekko";"SS";"2016-08-27";"https://www.youtube.com/watch?v=EqqkMAPP8sM";"Game 3 S6 Worlds 2016 LPL Regional Gauntlet Qualifiers Round 1";"616";"Ashe";"Gangplank";"Reksai";"Taliyah";"Gragas";"Vladimir";"Braum";"Gnar";"VG";"LPL"
83;"Jhin";"Gangplank";"Reksai";"Gnar";"Graves";"Lissandra";"Taric";"Rumble";"VG";"2016-08-27";"https://www.youtube.com/watch?v=7AKyaC1LHwo";"Game 4 S6 Worlds 2016 LPL Regional Gauntlet Qualifiers Round 1";"616";"Sivir";"Shen";"Tahm Kench";"Ekko";"Gragas";"Malzahar";"Alistar";"Poppy";"SS";"LPL"
84;"Sivir";"Shen";"Tahm Kench";"Malzahar";"Gragas";"Karma";"Taric";"Gnar";"SS";"2016-08-27";"https://www.youtube.com/watch?v=yP6LivuopOs";"Game 5 S6 Worlds 2016 LPL Regional Gauntlet Qualifiers Round 1";"616";"Ashe";"Gangplank";"Reksai";"Ekko";"Graves";"Lissandra";"Alistar";"Rumble";"VG";"LPL"
85;"Ashe";"Gangplank";"Lissandra";"Reksai";"Elise";"Corki";"Karma";"Gnar";"WE";"2016-08-27";"https://www.youtube.com/watch?v=eg23wHBju-8";"Game 1 S6 Worlds 2016 LPL Regional Gauntlet Qualifiers Round 2";"616";"Sivir";"Shen";"Taliyah";"Ekko";"Gragas";"Syndra";"Braum";"Yasuo";"SS";"LPL"
86;"Ashe";"Shen";"Ekko";"Karma";"Nidalee";"Taliyah";"Tahm Kench";"Poppy";"SS";"2016-08-27";"https://www.youtube.com/watch?v=Th_jMrZvXPY";"Game 2 S6 Worlds 2016 LPL Regional Gauntlet Qualifiers Round 2";"616";"Sivir";"Gangplank";"Lissandra";"Gnar";"Reksai";"Malzahar";"Alistar";"Maokai";"WE";"LPL"
87;"Jhin";"Gangplank";"Lissandra";"Reksai";"Graves";"Taliyah";"Trundle";"Maokai";"WE";"2016-08-27";"https://www.youtube.com/watch?v=qK_mel_pNE0";"Game 3 S6 Worlds 2016 LPL Regional Gauntlet Qualifiers Round 2";"616";"Ashe";"Shen";"Gnar";"Karma";"Leesin";"Ekko";"Tahm Kench";"Poppy";"SS";"LPL"
88;"Sivir";"Shen";"Gnar";"Karma";"Gragas";"Malzahar";"Braum";"Ekko";"SS";"2016-08-27";"https://www.youtube.com/watch?v=47l1aXlhkTI";"Game 4 S6 Worlds 2016 LPL Regional Gauntlet Qualifiers Round 2";"616";"Ashe";"Gangplank";"Taliyah";"Reksai";"Elise";"Lissandra";"Tahm Kench";"Irelia";"WE";"LPL"
89;"Jhin";"Gangplank";"Lissandra";"Reksai";"Gragas";"Vladimir";"Trundle";"Ekko";"WE";"2016-08-27";"https://www.youtube.com/watch?v=stcdnxjuqrg";"Game 5 S6 Worlds 2016 LPL Regional Gauntlet Qualifiers Round 2";"616";"Sivir";"Shen";"Taliyah";"Karma";"Malzahar";"Kassadin";"Braum";"Gnar";"SS";"LPL"
90;"Sivir";"Karma";"Gnar";"Taliyah";"Elise";"Vladimir";"Bard";"Trundle";"IM";"2016-08-28";"https://www.youtube.com/watch?v=oKqJcr2_oSo";"Game 1 S6 Worlds 2016 LPL Regional Gauntlet Final Round 3";"616";"Jhin";"Gangplank";"Reksai";"Ekko";"Kindred";"Malzahar";"Taric";"Shen";"WE";"LPL"
91;"Ashe";"Gangplank";"Reksai";"Jhin";"Graves";"Malzahar";"Taric";"Ekko";"WE";"2016-08-28";"https://www.youtube.com/watch?v=ZnS3TJ13NTc";"Game 2 S6 Worlds 2016 LPL Regional Gauntlet Final Round 3";"616";"Sivir";"Karma";"Taliyah";"Gnar";"Gragas";"Varus";"Trundle";"Vladimir";"IM";"LPL"
92;"Jhin";"Karma";"Gnar";"Taliyah";"Graves";"Vladimir";"Braum";"Poppy";"IM";"2016-08-28";"https://www.youtube.com/watch?v=YCqgr3VPDOE";"Game 3 S6 Worlds 2016 LPL Regional Gauntlet Final Round 3";"616";"Sivir";"Gangplank";"Reksai";"Ekko";"Gragas";"Malzahar";"Trundle";"Shen";"WE";"LPL"
93;"Sivir";"Karma";"Malzahar";"Gnar";"Elise";"Taliyah";"Trundle";"Shen";"IM";"2016-08-28";"https://www.youtube.com/watch?v=NJRsrpJ4TmM";"Game 4 S6 Worlds 2016 LPL Regional Gauntlet Final Round 3";"616";"Ezreal";"Gangplank";"Reksai";"Jhin";"Gragas";"Vladimir";"Braum";"Ekko";"WE";"LPL"
94;"Sivir";"Karma";"Gnar";"Shen";"Elise";"Malzahar";"Trundle";"Nautilus";"IM";"2016-08-28";"https://www.youtube.com/watch?v=p6REchsAf6E";"Game 5 S6 Worlds 2016 LPL Regional Gauntlet Final Round 3";"616";"Jhin";"Reksai";"Gangplank";"Taliyah";"Gragas";"Syndra";"Tahm Kench";"Ekko";"WE";"LPL"
95;"Jhin";"Shen";"Twisted Fate";"Elise";"Gragas";"Cassiopeia";"Taric";"Graves";"SS";"2016-08-12";"https://www.youtube.com/watch?v=zM8HK1rwoU0";"Game 1 Quarter Finals S6 LPL Summer 2016 Playoffs";"615";"Sivir";"Lissandra";"Reksai";"Nidalee";"Hecarim";"Vladimir";"Trundle";"Gangplank";"IM";"LPL"
96;"Jhin";"Lissandra";"Taric";"Gragas";"Reksai";"Kassadin";"Alistar";"Ekko";"IM";"2016-08-12";"https://www.youtube.com/watch?v=7oel3o8-6rs";"Game 2 Quarter Finals S6 LPL Summer 2016 Playoffs";"615";"Sivir";"Shen";"Twisted Fate";"Vladimir";"Hecarim";"Karma";"Braum";"Gangplank";"SS";"LPL"
97;"Ashe";"Shen";"Alistar";"Jhin";"Elise";"Twisted Fate";"Braum";"Gnar";"SS";"2016-08-12";"https://www.youtube.com/watch?v=a4t6SFPcdAk";"Game 3 Quarter Finals S6 LPL Summer 2016 Playoffs";"615";"Sivir";"Lissandra";"Gragas";"Reksai";"Graves";"Vladimir";"Bard";"Ekko";"IM";"LPL"
98;"Jhin";"Lissandra";"Taric";"Gragas";"Elise";"Karma";"Tahm Kench";"Ekko";"IM";"2016-08-12";"https://www.youtube.com/watch?v=qq6cV-oYB2M";"Game 4 Quarter Finals S6 LPL Summer 2016 Playoffs";"615";"Lucian";"Shen";"Vladimir";"Reksai";"Leesin";"Viktor";"Alistar";"Gangplank";"SS";"LPL"
99;"Ezreal";"Lissandra";"Kogmaw";"Vladimir";"Gragas";"Taliyah";"Alistar";"Shen";"WE";"2016-08-12";"https://www.youtube.com/watch?v=U2OEkATn8cg";"Game 1 Quarter Finals S6 LPL Summer 2016 Playoffs";"615";"Ashe";"Gangplank";"Jhin";"Leblanc";"Hecarim";"Karma";"Tahm Kench";"Poppy";"VG";"LPL"
100;"Ashe";"Gangplank";"Taliyah";"Leblanc";"Gragas";"Karma";"Braum";"Shen";"VG";"2016-08-12";"https://www.youtube.com/watch?v=CUPeN3c3uAU";"Game 2 Quarter Finals S6 LPL Summer 2016 Playoffs";"615";"Jhin";"Vladimir";"Lissandra";"Twitch";"Reksai";"Kassadin";"Alistar";"Gnar";"WE";"LPL"
101;"Sivir";"Lissandra";"Vladimir";"Gragas";"Elise";"Taliyah";"Alistar";"Irelia";"WE";"2016-08-12";"https://www.youtube.com/watch?v=bPt3eCa9hWw";"Game 3 Quarter Finals S6 LPL Summer 2016 Playoffs";"615";"Twitch";"Gangplank";"Leblanc";"Shen";"Reksai";"Karma";"Braum";"Poppy";"VG";"LPL"
102;"Ashe";"Gangplank";"Leblanc";"Taliyah";"Gragas";"Viktor";"Bard";"Ekko";"VG";"2016-08-12";"https://www.youtube.com/watch?v=DG5Rz9qZb4U";"Game 4 Quarter Finals S6 LPL Summer 2016 Playoffs";"615";"Sivir";"Lissandra";"Vladimir";"Shen";"Evelynn";"Karma";"Alistar";"Irelia";"WE";"LPL"
103;"Sivir";"Karma";"Shen";"Taliyah";"Reksai";"Lissandra";"Tahm Kench";"Gnar";"EDG";"2016-08-14";"https://www.youtube.com/watch?v=gnd7FL8dK2M";"Game 1 Semi Finals S6 LPL Summer 2016 Playoffs";"615";"Ashe";"Gangplank";"Vladimir";"Kogmaw";"Gragas";"Kassadin";"Alistar";"Ekko";"WE";"LPL"
104;"Sivir";"Reksai";"Lissandra";"Vladimir";"Gragas";"Taliyah";"Karma";"Ekko";"WE";"2016-08-14";"https://www.youtube.com/watch?v=8hhnncwadxU";"Game 2 Semi Finals S6 LPL Summer 2016 Playoffs";"615";"Jhin";"Shen";"Gangplank";"Irelia";"Hecarim";"Syndra";"Tahm Kench";"Gnar";"EDG";"LPL"
105;"Kogmaw";"Karma";"Shen";"Lissandra";"Hecarim";"Taliyah";"Braum";"Ekko";"EDG";"2016-08-14";"https://www.youtube.com/watch?v=zPgXl1VPK4M";"Game 3 Semi Finals S6 LPL Summer 2016 Playoffs";"615";"Sivir";"Vladimir";"Reksai";"Gangplank";"Elise";"Syndra";"Tahm Kench";"Gnar";"WE";"LPL"
106;"Ezreal";"Kogmaw";"Reksai";"Vladimir";"Gragas";"Lissandra";"Alistar";"Gnar";"WE";"2016-08-14";"https://www.youtube.com/watch?v=wnPBQG1_7oc";"Game 4 Semi Finals S6 LPL Summer 2016 Playoffs";"615";"Sivir";"Shen";"Gangplank";"Taliyah";"Hecarim";"Karma";"Tahm Kench";"Ekko";"EDG";"LPL"
107;"Sivir";"Shen";"Karma";"Gangplank";"Gragas";"Vladimir";"Thresh";"Irelia";"EDG";"2016-08-14";"https://www.youtube.com/watch?v=YJnU8iZq9Uo";"Game 5 Semi Finals S6 LPL Summer 2016 Playoffs";"615";"Ezreal";"Reksai";"Kogmaw";"Lissandra";"Elise";"Taliyah";"Tahm Kench";"Gnar";"WE";"LPL"
108;"Ashe";"Reksai";"Jhin";"Sivir";"Hecarim";"Vladimir";"Karma";"Singed";"RNG";"2016-08-14";"https://www.youtube.com/watch?v=upD_717pAzM";"Game 1 Semi Finals S6 LPL Summer 2016 Playoffs";"615";"Kogmaw";"Taliyah";"Gangplank";"Syndra";"Elise";"Malzahar";"Braum";"Shen";"IM";"LPL"
109;"Sivir";"Taliyah";"Braum";"Reksai";"Gragas";"Malzahar";"Bard";"Gangplank";"IM";"2016-08-14";"https://www.youtube.com/watch?v=r52JjiuU0xc";"Game 2 Semi Finals S6 LPL Summer 2016 Playoffs";"615";"Ezreal";"Jhin";"Ekko";"Twisted Fate";"Elise";"Vladimir";"Karma";"Gnar";"RNG";"LPL"
110;"Caitlyn";"Jhin";"Sivir";"Ekko";"Gragas";"Karma";"Braum";"Gangplank";"RNG";"2016-08-14";"https://www.youtube.com/watch?v=syHCshG0rT8";"Game 3 Semi Finals S6 LPL Summer 2016 Playoffs";"615";"Lucian";"Taliyah";"Ashe";"Hecarim";"Reksai";"Lissandra";"Bard";"Vladimir";"IM";"LPL"
111;"Twitch";"Taliyah";"Karma";"Ashe";"Gragas";"Vladimir";"Braum";"Ekko";"IM";"2016-08-14";"https://www.youtube.com/watch?v=vdpBjSPVT_A";"Game 4 Semi Finals S6 LPL Summer 2016 Playoffs";"615";"Sivir";"Jhin";"Ekko";"Malzahar";"Reksai";"Syndra";"Alistar";"Rumble";"RNG";"LPL"
112;"Ashe";"Jhin";"Sivir";"Malzahar";"Hecarim";"Vladimir";"Braum";"Ekko";"RNG";"2016-08-14";"https://www.youtube.com/watch?v=Pb7HCIYrK-c";"Game 5 Semi Finals S6 LPL Summer 2016 Playoffs";"615";"Ezreal";"Taliyah";"Karma";"Reksai";"Gragas";"Kassadin";"Tahm Kench";"Gangplank";"IM";"LPL"
113;"Ashe";"Karma";"Vladimir";"Sivir";"Elise";"Twisted Fate";"Tahm Kench";"Gangplank";"EDG";"2016-08-26";"https://www.youtube.com/watch?v=AcvBzTSXZoA";"Game 1 Finals S6 LPL Summer 2016 Playoffs";"615";"Caitlyn";"Jhin";"Reksai";"Taliyah";"Gragas";"Lissandra";"Braum";"Ekko";"RNG";"LPL"
114;"Jhin";"Twisted Fate";"Gangplank";"Lissandra";"Elise";"Taliyah";"Tahm Kench";"Gnar";"RNG";"2016-08-26";"https://www.youtube.com/watch?v=V9Q3ZKPvL9I";"Game 2 Finals S6 LPL Summer 2016 Playoffs";"615";"Ashe";"Karma";"Vladimir";"Sivir";"Reksai";"Zed";"Braum";"Ekko";"EDG";"LPL"
115;"Varus";"Karma";"Vladimir";"Sivir";"Graves";"Lissandra";"Tahm Kench";"Ekko";"EDG";"2016-08-26";"https://www.youtube.com/watch?v=fIwIm1L98HI";"Game 3 Finals S6 LPL Summer 2016 Playoffs";"615";"Ashe";"Reksai";"Gangplank";"Taliyah";"Elise";"Malzahar";"Braum";"Gnar";"RNG";"LPL"
116;"Ashe";"Jhin";"Gangplank";"Malzahar";"Reksai";"Karma";"Tahm Kench";"Gnar";"WE";"2016-08-15";"https://www.youtube.com/watch?v=f1i_-zdEWeQ";"Game 1 3rd Place S6 LPL Summer 2016 Playoffs";"615";"Sivir";"Taliyah";"Gragas";"Ezreal";"Hecarim";"Vladimir";"Bard";"Shen";"IM";"LPL"
117;"Jhin";"Taliyah";"Karma";"Gnar";"Reksai";"Malzahar";"Braum";"Ekko";"IM";"2016-08-15";"https://www.youtube.com/watch?v=PFTfzjK5BIA";"Game 2 3rd Place S6 LPL Summer 2016 Playoffs";"615";"Sivir";"Vladimir";"Gangplank";"Shen";"Gragas";"Lissandra";"Alistar";"Irelia";"WE";"LPL"
118;"Sivir";"Malzahar";"Jhin";"Gangplank";"Nidalee";"Vladimir";"Alistar";"Shen";"WE";"2016-08-15";"https://www.youtube.com/watch?v=VykOILkVbYQ";"Game 3 3rd Place S6 LPL Summer 2016 Playoffs";"615";"Kogmaw";"Gnar";"Taliyah";"Karma";"Reksai";"Aurelion Sol";"Braum";"Ekko";"IM";"LPL"
119;"Jhin";"Gnar";"Taliyah";"Karma";"Elise";"Lissandra";"Alistar";"Ekko";"IM";"2016-08-15";"https://www.youtube.com/watch?v=YMQTtRiKKZI";"Game 4 3rd Place S6 LPL Summer 2016 Playoffs";"615";"Ashe";"Vladimir";"Reksai";"Malzahar";"Gragas";"Twisted Fate";"Braum";"Irelia";"WE";"LPL"
120;"Ashe";"Vladimir";"Twisted Fate";"Shen";"Gragas";"Lissandra";"Tahm Kench";"Gangplank";"SSG";"2016-08-08";"https://www.youtube.com/watch?v=qIR5Gr_va1k";"Game 1 Eighth Finals S6 LCL Summer 2016 Playoffs";"615";"Jhin";"Viktor";"Varus";"Nami";"Nidalee";"Karma";"Braum";"Ekko";"AFS";"LCK"
121;"Sivir";"Vladimir";"Twisted Fate";"Shen";"Gragas";"Lissandra";"Tahm Kench";"Gnar";"SSG";"2016-08-08";"https://www.youtube.com/watch?v=yGGx9aHeTnY";"Game 2 Eighth Finals S6 LCL Summer 2016 Playoffs";"615";"Jhin";"Varus";"Ashe";"Gangplank";"Reksai";"Karma";"Thresh";"Ekko";"AFS";"LCK"
122;"Sivir";"Gangplank";"Lissandra";"Varus";"Reksai";"Vladimir";"Braum";"Ekko";"KT";"2016-08-10";"https://www.youtube.com/watch?v=pS4FCzpu-Zs";"Game 1 Quarter Finals S6 LCL Summer 2016 Playoffs";"615";"Ashe";"Taliyah";"Trundle";"Gragas";"Elise";"Viktor";"Tahm Kench";"Gnar";"SSG";"LCK"
123;"Ashe";"Aurelion Sol";"Trundle";"Gragas";"Reksai";"Lissandra";"Alistar";"Rumble";"SSG";"2016-08-10";"https://www.youtube.com/watch?v=4XS3apq4zdw";"Game 2 Quarter Finals S6 LCL Summer 2016 Playoffs";"615";"Jhin";"Ekko";"Varus";"Tahm Kench";"Elise";"Taliyah";"Taric";"Gangplank";"KT";"LCK"
124;"Jhin";"Varus";"Gnar";"Gangplank";"Elise";"Vladimir";"Trundle";"Shen";"KT";"2016-08-10";"https://www.youtube.com/watch?v=DRIIBfBJY_E";"Game 3 Quarter Finals S6 LCL Summer 2016 Playoffs";"615";"Sivir";"Taliyah";"Gragas";"Reksai";"Graves";"Viktor";"Tahm Kench";"Ekko";"SSG";"LCK"
125;"Kogmaw";"Trundle";"Gangplank";"Karma";"Gragas";"Aurelion Sol";"Braum";"Ekko";"KT";"2016-08-12";"https://www.youtube.com/watch?v=1727OjbX4wY";"Game 1 Semi Finals S6 LCK Summer 2016 Playoffs";"615";"Sivir";"Vladimir";"Shen";"Taliyah";"Reksai";"Malzahar";"Taric";"Maokai";"SKT";"LCK"
126;"Sivir";"Trundle";"Gangplank";"Maokai";"Gragas";"Varus";"Taric";"Ekko";"KT";"2016-08-12";"https://www.youtube.com/watch?v=PLAm_eX1TZs";"Game 2 Semi Finals S6 LCK Summer 2016 Playoffs";"615";"Kogmaw";"Vladimir";"Shen";"Taliyah";"Reksai";"Malzahar";"Tahm Kench";"Gnar";"SKT";"LCK"
127;"Jhin";"Malzahar";"Vladimir";"Taric";"Reksai";"Ekko";"Bard";"Gnar";"KT";"2016-08-12";"https://www.youtube.com/watch?v=9Ef89WwLRDc";"Game 3 Semi Finals S6 LCK Summer 2016 Playoffs";"615";"Sivir";"Shen";"Taliyah";"Karma";"Gragas";"Kassadin";"Tahm Kench";"Gangplank";"SKT";"LCK"
128;"Jhin";"Malzahar";"Taric";"Trundle";"Reksai";"Aurelion Sol";"Tahm Kench";"Gangplank";"KT";"2016-08-12";"https://www.youtube.com/watch?v=T6oVmooXOrY";"Game 4 Semi Finals S6 LCK Summer 2016 Playoffs";"615";"Sivir";"Shen";"Vladimir";"Taliyah";"Gragas";"Cassiopeia";"Karma";"Gnar";"SKT";"LCK"
129;"Sivir";"Aurelion Sol";"Taliyah";"Vladimir";"Hecarim";"Karma";"Trundle";"Ekko";"SKT";"2016-08-12";"https://www.youtube.com/watch?v=o7yMZBpoWMs";"Game 5 Semi Finals S6 LCK Summer 2016 Playoffs";"615";"Jhin";"Malzahar";"Reksai";"Gragas";"Elise";"Lissandra";"Taric";"Gnar";"KT";"LCK"
130;"Ashe";"Gnar";"Jhin";"Gragas";"Reksai";"Taliyah";"Trundle";"Gangplank";"ROX";"2016-08-20";"https://www.youtube.com/watch?v=ozrEFuryD0M";"Game 1 Finals S6 LCK Summer 2016 Playoffs";"615";"Ezreal";"Varus";"Nidalee";"Karma";"Elise";"Aurelion Sol";"Alistar";"Ekko";"KT";"LCK"
131;"Ezreal";"Nidalee";"Varus";"Gangplank";"Gragas";"Taliyah";"Braum";"Ekko";"KT";"2016-08-20";"https://www.youtube.com/watch?v=o7N0XLvshRU";"Game 2 Finals S6 LCK Summer 2016 Playoffs";"615";"Jhin";"Gnar";"Aurelion Sol";"Vladimir";"Reksai";"Lissandra";"Trundle";"Shen";"ROX";"LCK"
132;"Sivir";"Gnar";"Aurelion Sol";"Jhin";"Reksai";"Malzahar";"Alistar";"Rumble";"ROX";"2016-08-20";"https://www.youtube.com/watch?v=nfeSeJaM_FM";"Game 3 Finals S6 LCK Summer 2016 Playoffs";"615";"Ezreal";"Varus";"Nidalee";"Taliyah";"Elise";"Vladimir";"Taric";"Gangplank";"KT";"LCK"
133;"Sivir";"Nidalee";"Varus";"Gangplank";"Reksai";"Lissandra";"Bard";"Ekko";"KT";"2016-08-20";"https://www.youtube.com/watch?v=fxksN1BIYNM";"Game 4 Finals S6 LCK Summer 2016 Playoffs";"615";"Jhin";"Gnar";"Aurelion Sol";"Taliyah";"Gragas";"Malzahar";"Alistar";"Trundle";"ROX";"LCK"
134;"Sivir";"Gnar";"Reksai";"Gragas";"Hecarim";"Taliyah";"Taric";"Gangplank";"ROX";"2016-08-20";"https://www.youtube.com/watch?v=6oQuLAAdZxc";"Game 5 Finals S6 LCK Summer 2016 Playoffs";"615";"Jhin";"Varus";"Nidalee";"Elise";"Kindred";"Aurelion Sol";"Bard";"Ekko";"KT";"LCK"
135;"Kogmaw";"Malzahar";"Taliyah";"Gangplank";"Elise";"Karma";"Braum";"Ekko";"AFS";"2016-08-29";"https://www.youtube.com/watch?v=is3U40tZptA";"Game 1 S6 Worlds 2016 LCK Regional Gauntlet Qualifiers Round 1";"616";"Sivir";"Vladimir";"Reksai";"Shen";"Gragas";"Lissandra";"Tahm Kench";"Gnar";"JAG";"LCK"
136;"Lucian";"Shen";"Karma";"Taliyah";"Reksai";"Malzahar";"Trundle";"Rumble";"JAG";"2016-08-29";"https://www.youtube.com/watch?v=_Eg9XbLnzCc";"Game 2 S6 Worlds 2016 LCK Regional Gauntlet Qualifiers Round 1";"616";"Sivir";"Lissandra";"Gangplank";"Vladimir";"Elise";"Twisted Fate";"Tahm Kench";"Ekko";"AFS";"LCK"
137;"Kogmaw";"Malzahar";"Sivir";"Gangplank";"Elise";"Karma";"Tahm Kench";"Ekko";"AFS";"2016-08-29";"https://www.youtube.com/watch?v=uVSthbxq4LU";"Game 3 S6 Worlds 2016 LCK Regional Gauntlet Qualifiers Round 1";"616";"Ashe";"Vladimir";"Reksai";"Shen";"Leesin";"Lissandra";"Bard";"Rumble";"JAG";"LCK"
138;"Ezreal";"Karma";"Shen";"Twisted Fate";"Gragas";"Vladimir";"Trundle";"Gnar";"JAG";"2016-08-29";"https://www.youtube.com/watch?v=Z9MHKB3-mmI";"Game 4 S6 Worlds 2016 LCK Regional Gauntlet Qualifiers Round 1";"616";"Sivir";"Reksai";"Gangplank";"Malzahar";"Elise";"Taliyah";"Braum";"Ekko";"AFS";"LCK"
139;"Ashe";"Gangplank";"Malzahar";"Lissandra";"Reksai";"Karma";"Trundle";"Gnar";"AFS";"2016-08-29";"https://www.youtube.com/watch?v=0JlKelezGR4";"Game 5 S6 Worlds 2016 LCK Regional Gauntlet Qualifiers Round 1";"616";"Sivir";"Shen";"Vladimir";"Taliyah";"Hecarim";"Cassiopeia";"Tahm Kench";"Ekko";"JAG";"LCK"
140;"Ashe";"Vladimir";"Shen";"Karma";"Nidalee";"Varus";"Tahm Kench";"Gangplank";"SSG";"2016-09-01";"https://www.youtube.com/watch?v=avAYUL7SWTY";"Game 1 S6 Worlds 2016 LCK Regional Gauntlet Qualifiers Round 2";"616";"Jhin";"Reksai";"Sivir";"Taliyah";"Leesin";"Lissandra";"Thresh";"Ekko";"AFS";"LCK"
141;"Ezreal";"Vladimir";"Shen";"Karma";"Elise";"Taliyah";"Bard";"Ekko";"SSG";"2016-09-01";"https://www.youtube.com/watch?v=uz4HsIaixvg";"Game 2 S6 Worlds 2016 LCK Regional Gauntlet Qualifiers Round 2";"616";"Jhin";"Sivir";"Reksai";"Lissandra";"Nidalee";"Twisted Fate";"Thresh";"Gangplank";"AFS";"LCK"
142;"Jhin";"Vladimir";"Shen";"Karma";"Nidalee";"Zilean";"Braum";"Ekko";"SSG";"2016-09-01";"https://www.youtube.com/watch?v=BKcepgDWwyA";"Game 3 S6 Worlds 2016 LCK Regional Gauntlet Qualifiers Round 2";"616";"Varus";"Reksai";"Sivir";"Taliyah";"Elise";"Lissandra";"Tahm Kench";"Gnar";"AFS";"LCK"
143;"Ashe";"Sivir";"Lissandra";"Reksai";"Nidalee";"Twisted Fate";"Braum";"Shen";"AFS";"2016-09-01";"https://www.youtube.com/watch?v=c4T_uTmoGBw";"Game 4 S6 Worlds 2016 LCK Regional Gauntlet Qualifiers Round 2";"616";"Jhin";"Vladimir";"Karma";"Taliyah";"Gragas";"Malzahar";"Bard";"Ekko";"SSG";"LCK"
144;"Sivir";"Ekko";"Gnar";"Elise";"Nidalee";"Malzahar";"Bard";"Rumble";"KT";"2016-09-03";"https://www.youtube.com/watch?v=BhDlSMyIkjc";"Game 1 S6 Worlds 2016 LCK Regional Gauntlet Final Round 3";"616";"Jhin";"Taliyah";"Vladimir";"Reksai";"Gragas";"Viktor";"Tahm Kench";"Gangplank";"SSG";"LCK"
145;"Kalista";"Gangplank";"Jhin";"Viktor";"Nidalee";"Lissandra";"Bard";"Gnar";"KT";"2016-09-03";"https://www.youtube.com/watch?v=waHHFFGJtKY";"Game 2 S6 Worlds 2016 LCK Regional Gauntlet Final Round 3";"616";"Sivir";"Taliyah";"Vladimir";"Reksai";"Gragas";"Zilean";"Karma";"Kennen";"SSG";"LCK"
146;"Sivir";"Gangplank";"Viktor";"Elise";"Nidalee";"Zilean";"Braum";"Gnar";"KT";"2016-09-03";"https://www.youtube.com/watch?v=WjzyoqprcnM";"Game 3 S6 Worlds 2016 LCK Regional Gauntlet Final Round 3";"616";"Jhin";"Taliyah";"Vladimir";"Reksai";"Gragas";"Lissandra";"Bard";"Ekko";"SSG";"LCK"
147;"Jhin";"Gragas";"Vladimir";"Nidalee";"Skarner";"Taliyah";"Tahm Kench";"Kennen";"SSG";"2016-09-03";"https://www.youtube.com/watch?v=avDwWZeGkG0";"Game 4 S6 Worlds 2016 LCK Regional Gauntlet Final Round 3";"616";"Sivir";"Gangplank";"Reksai";"Viktor";"Elise";"Ekko";"Taric";"Gnar";"KT";"LCK"
148;"Kalista";"Gangplank";"Jhin";"Skarner";"Nidalee";"Lissandra";"Bard";"Gnar";"KT";"2016-09-03";"https://www.youtube.com/watch?v=8epro_NBPKQ";"Game 5 S6 Worlds 2016 LCK Regional Gauntlet Final Round 3";"616";"Sivir";"Taliyah";"Vladimir";"Reksai";"Elise";"Karma";"Tahm Kench";"Kennen";"SSG";"LCK"
149;"Jhin";"Aurelion Sol";"Reksai";"Karma";"Elise";"Syndra";"Braum";"Jayce";"G2";"2016-09-30";"https://www.youtube.com/watch?v=GER8vTeBkLU";"Week 1 Day 1 | Group A LoL S6 World Championship 2016";"618";"Caitlyn";"Nidalee";"Sivir";"Soraka";"Olaf";"Vladimir";"Nami";"Poppy";"CLG";"WORLD"
150;"Lucian";"Brand";"Karma";"Reksai";"Elise";"Jayce";"Nami";"Rumble";"ROX";"2016-09-30";"https://www.youtube.com/watch?v=IZmhF1EFUwk";"Week 1 Day 1 | Group A LoL S6 World Championship 2016";"618";"Jhin";"Sivir";"Nidalee";"Ezreal";"Graves";"Vladimir";"Bard";"Shen";"ANX";"WORLD"
151;"Caitlyn";"Twisted Fate";"Tahm Kench";"Reksai";"Elise";"Cassiopeia";"Braum";"Gnar";"H2K";"2016-09-30";"https://www.youtube.com/watch?v=7Z4_OUkYyrQ";"Week 1 Day 1 | Group C LoL S6 World Championship 2016";"618";"Jinx";"Nidalee";"Syndra";"Karma";"Olaf";"Malzahar";"Bard";"Rumble";"AHQ";"WORLD"
152;"Ashe";"Jayce";"Reksai";"Rumble";"Lee sin";"Syndra";"Braum";"Gnar";"ITZ";"2016-09-30";"https://www.youtube.com/watch?v=KOMWWyE1_1M";"Week 1 Day 1 | Group C LoL S6 World Championship 2016";"618";"Ezreal";"Nidalee";"Elise";"Bard";"Graves";"Vladimir";"Nami";"Irelia";"EDG";"WORLD"
153;"Ezreal";"Kassadin";"Aurelion Sol";"Karma";"Reksai";"Viktor";"Nami";"Gnar";"SSG";"2016-09-30";"https://www.youtube.com/watch?v=WDM2xcN2Vew";"Week 1 Day 1 | Group D LoL S6 World Championship 2016";"618";"Jinx";"Nidalee";"Elise";"Syndra";"Graves";"Cassiopeia";"Tahm Kench";"Kled";"SPY";"WORLD"
154;"Jhin";"Caitlyn";"Jayce";"Syndra";"Lee sin";"Orianna";"Nami";"Kennen";"TSM";"2016-09-30";"https://www.youtube.com/watch?v=yUFTe4dMdvc";"Week 1 Day 1 | Group D LoL S6 World Championship 2016";"618";"Sivir";"Nidalee";"Elise";"Reksai";"Hecarim";"Cassiopeia";"Alistar";"Rumble";"RNG";"WORLD"
155;"Ezreal";"Reksai";"Gnar";"Zac";"Elise";"Syndra";"Alistar";"Jayce";"SKT";"2016-10-01";"https://www.youtube.com/watch?v=Ibg6TW_nYoA";"Week 1 Day 2 | Group B LoL S6 World Championship 2016";"618";"Sivir";"Nidalee";"Karma";"Vladimir";"Leesin";"Cassiopeia";"Braum";"Rumble";"C9";"WORLD"
156;"Lucian";"Olaf";"Bard";"Elise";"Reksai";"Vladimir";"Karma";"Gnar";"FW";"2016-10-01";"https://www.youtube.com/watch?v=UszNlvKLUVA";"Week 1 Day 2 | Group B LoL S6 World Championship 2016";"618";"Jhin";"Nidalee";"Rumble";"Syndra";"Zac";"Varus";"Alistar";"Ekko";"IM";"WORLD"
157;"Jhin";"Tahm Kench";"Jayce";"Vladimir";"Lee sin";"Syndra";"Braum";"Kennen";"TSM";"2016-10-01";"https://www.youtube.com/watch?v=ENlRBR4TSSU";"Week 1 Day 2 | Group D LoL S6 World Championship 2016";"618";"Ezreal";"Nidalee";"Sivir";"Cassiopeia";"Elise";"Varus";"Alistar";"Rumble";"SSG";"WORLD"
158;"Ezreal";"Kassadin";"Elise";"Jhin";"Lee sin";"Viktor";"Nami";"Kennen";"RNG";"2016-10-01";"https://www.youtube.com/watch?v=okd8uZ4vUYw";"Week 1 Day 2 | Group D LoL S6 World Championship 2016";"618";"Sivir";"Nidalee";"Reksai";"Syndra";"Olaf";"Cassiopeia";"Karma";"Gnar";"SPY";"WORLD"
159;"Caitlyn";"Vladimir";"Gnar";"Jayce";"Skarner";"Cassiopeia";"Karma";"Kennen";"H2K";"2016-10-01";"https://www.youtube.com/watch?v=1m2kqNWu3Q8";"Week 1 Day 2 | Group C LoL S6 World Championship 2016";"618";"Ezreal";"Syndra";"Nidalee";"Lucian";"Reksai";"Orianna";"Nami";"Rumble";"ITZ";"WORLD"
160;"Lucian";"Tahm Kench";"Bard";"Syndra";"Hecarim";"Karma";"Nami";"Poppy";"EDG";"2016-10-01";"https://www.youtube.com/watch?v=xUNNx2dW6k4";"Week 1 Day 2 | Group C LoL S6 World Championship 2016";"618";"Ashe";"Reksai";"Twisted Fate";"Nidalee";"Olaf";"Zilean";"Soraka";"Rumble";"AHQ";"WORLD"
161;"Ezreal";"Brand";"Shen";"Vladimir";"Elise";"Syndra";"Bard";"Poppy";"CLG";"2016-10-02";"https://www.youtube.com/watch?v=QkDPUuS3aOs";"Week 1 Day 3 | Group A LoL S6 World Championship 2016";"618";"Lucian";"Sivir";"Caitlyn";"Olaf";"Nidalee";"Jayce";"Tahm Kench";"Trundle";"ANX";"WORLD"
162;"Ezreal";"Vladimir";"Reksai";"Sivir";"Nocturne";"Malzahar";"Soraka";"Kennen";"ROX";"2016-10-02";"https://www.youtube.com/watch?v=pJRjqqajKwU";"Week 1 Day 3 | Group A LoL S6 World Championship 2016";"618";"Jhin";"Nidalee";"Elise";"Syndra";"Olaf";"Karma";"Nami";"Gnar";"G2";"WORLD"
163;"Ezreal";"Zac";"Gnar";"Cassiopeia";"Elise";"Varus";"Nami";"Rumble";"FW";"2016-10-02";"https://www.youtube.com/watch?v=uZ0SpYkDYk8";"Week 1 Day 3 | Group B LoL S6 World Championship 2016";"618";"Caitlyn";"Nidalee";"Syndra";"Reksai";"Leesin";"Orianna";"Karma";"Kennen";"C9";"WORLD"
164;"Jinx";"Rumble";"Ezreal";"Syndra";"Elise";"Ryze";"Braum";"Poppy";"IM";"2016-10-02";"https://www.youtube.com/watch?v=_zkiVyUl15c";"Week 1 Day 3 | Group B LoL S6 World Championship 2016";"618";"Sivir";"Bard";"Zac";"Olaf";"Nidalee";"Cassiopeia";"Karma";"Trundle";"SKT";"WORLD"
165;"Ezreal";"Leesin";"Elise";"Vladimir";"Reksai";"Malzahar";"Nami";"Kennen";"SPY";"2016-10-02";"https://www.youtube.com/watch?v=6L_heyqM27A";"Week 1 Day 3 | Group D LoL S6 World Championship 2016";"618";"Jhin";"Nidalee";"Kassadin";"Syndra";"Skarner";"Cassiopeia";"Karma";"Rumble";"TSM";"WORLD"
166;"Caitlyn";"Viktor";"Elise";"Reksai";"Nidalee";"Cassiopeia";"Nami";"Jayce";"RNG";"2016-10-02";"https://www.youtube.com/watch?v=HCwljXpoMNw";"Week 1 Day 3 | Group D LoL S6 World Championship 2016";"618";"Jhin";"Leesin";"Syndra";"Ezreal";"Skarner";"Ryze";"Karma";"Kennen";"SSG";"WORLD"
167;"Sivir";"Gnar";"Karma";"Syndra";"Nidalee";"Malzahar";"Alistar";"Jayce";"AHQ";"2016-10-03";"https://www.youtube.com/watch?v=GfPMLitStIg";"Week 1 Day 4 | Group C LoL S6 World Championship 2016";"618";"Ashe";"Twisted Fate";"Tahm Kench";"Olaf";"Leesin";"Cassiopeia";"Bard";"Kennen";"ITZ";"WORLD"
168;"Jhin";"Cassiopeia";"Kennen";"Gnar";"Nidalee";"Syndra";"Alistar";"Irelia";"EDG";"2016-10-03";"https://www.youtube.com/watch?v=9pAsiEkva6g";"Week 1 Day 4 | Group C LoL S6 World Championship 2016";"618";"Ezreal";"Reksai";"Poppy";"Nami";"Leesin";"Vladimir";"Karma";"Rumble";"H2K";"WORLD"
169;"Lucian";"Sivir";"Olaf";"Kennen";"Elise";"Anivia";"Brand";"Poppy";"ANX";"2016-10-03";"https://www.youtube.com/watch?v=MyVi2aXWROY";"Week 1 Day 4 | Group A LoL S6 World Championship 2016";"618";"Ezreal";"Nidalee";"Syndra";"Jayce";"Leesin";"Orianna";"Karma";"Trundle";"G2";"WORLD"
170;"Caitlyn";"Rumble";"Elise";"Kennen";"Nidalee";"Aurelion Sol";"Alistar";"Gnar";"CLG";"2016-10-03";"https://www.youtube.com/watch?v=iWSpQi7gdd8";"Week 1 Day 4 | Group A LoL S6 World Championship 2016";"618";"Ezreal";"Olaf";"Syndra";"Nami";"Reksai";"Malzahar";"Karma";"Poppy";"ROX";"WORLD"
171;"Sivir";"Vladimir";"Gnar";"Nidalee";"Olaf";"Cassiopeia";"Karma";"Rumble";"SKT";"2016-10-03";"https://www.youtube.com/watch?v=Fxr-OwJFTUk";"Week 1 Day 4 | Group B LoL S6 World Championship 2016";"618";"Caitlyn";"Ezreal";"Syndra";"Trundle";"Leesin";"Aurelion Sol";"Alistar";"Poppy";"FW";"WORLD"
172;"Ezreal";"Varus";"Elise";"Nidalee";"Olaf";"Syndra";"Alistar";"Rumble";"C9";"2016-10-03";"https://www.youtube.com/watch?v=cncXYxbyzqw";"Week 1 Day 4 | Group B LoL S6 World Championship 2016";"618";"Jhin";"Gnar";"Kennen";"Zac";"Reksai";"Vladimir";"Tahm Kench";"Ekko";"IM";"WORLD"
173;"Sivir";"Aurelion Sol";"Ezreal";"Kennen";"Nidalee";"Cassiopeia";"Braum";"Poppy";"G2";"2016-10-06";"https://www.youtube.com/watch?v=bo2SJl7Wsc0";"Week 2 Day 1 | Group A LoL S6 World Championship 2016";"618";"Caitlyn";"Karma";"Olaf";"Syndra";"Leesin";"Viktor";"Alistar";"Rumble";"ROX";"WORLD"
174;"Sivir";"Caitlyn";"Olaf";"Aurelion Sol";"Graves";"Viktor";"Bard";"Poppy";"ANX";"2016-10-06";"https://www.youtube.com/watch?v=UVYMTM0D9K8";"Week 2 Day 1 | Group A LoL S6 World Championship 2016";"618";"Lucian";"Brand";"Anivia";"Nidalee";"Elise";"Karma";"Nami";"Jayce";"CLG";"WORLD"
175;"Jhin";"Sivir";"Gnar";"Jayce";"Graves";"Vladimir";"Braum";"Poppy";"CLG";"2016-10-06";"https://www.youtube.com/watch?v=ReVPKkpcH38";"Week 2 Day 1 | Group A LoL S6 World Championship 2016";"618";"Ezreal";"Aurelion Sol";"Caitlyn";"Nidalee";"Olaf";"Syndra";"Trundle";"Rumble";"G2";"WORLD"
176;"Lucian";"Sivir";"Rumble";"Kennen";"Nidalee";"Vladimir";"Taric";"Poppy";"ANX";"2016-10-06";"https://www.youtube.com/watch?v=kvLGI9ULjVU";"Week 2 Day 1 | Group A LoL S6 World Championship 2016";"618";"Caitlyn";"Brand";"Bard";"Tahm Kench";"Leesin";"Syndra";"Alistar";"Trundle";"ROX";"WORLD"
177;"Sivir";"Poppy";"Tahm Kench";"Vladimir";"Graves";"Ryze";"Alistar";"Irelia";"G2";"2016-10-06";"https://www.youtube.com/watch?v=9zf--E7j9PY";"Week 2 Day 1 | Group A LoL S6 World Championship 2016";"618";"Lucian";"Nidalee";"Olaf";"Syndra";"Elise";"Jayce";"Braum";"Kennen";"ANX";"WORLD"
178;"Jhin";"Aurelion Sol";"Vladimir";"Syndra";"Elise";"Viktor";"Alistar";"Gnar";"ROX";"2016-10-06";"https://www.youtube.com/watch?v=DMcE3ibShwg";"Week 2 Day 1 | Group A LoL S6 World Championship 2016";"618";"Caitlyn";"Rumble";"Kennen";"Nidalee";"Olaf";"Malzahar";"Bard";"Poppy";"CLG";"WORLD"
179;"Ezreal";"Brand";"Vladimir";"Syndra";"Elise";"Ryze";"Karma";"Rumble";"ROX";"2016-10-06";"https://www.youtube.com/watch?v=wW7RgXOj2-o";"Week 2 Day 1 | TieBreak 1st Place Group A LoL S6 World Championship 2016";"618";"Lucian";"Nidalee";"Sivir";"Olaf";"Graves";"Viktor";"Bard";"Gnar";"ANX";"WORLD"
180;"Jhin";"Gnar";"Leesin";"Aurelion Sol";"Reksai";"Syndra";"Tahm Kench";"Rumble";"EDG";"2016-10-07";"https://www.youtube.com/watch?v=A7_pqEnrDIY";"Week 2 Day 2 | Group C LoL S6 World Championship 2016";"618";"Caitlyn";"Nidalee";"Poppy";"Irelia";"Skarner";"Vladimir";"Alistar";"Jayce";"ITZ";"WORLD"
181;"Sivir";"Syndra";"Olaf";"Nidalee";"Reksai";"Lissandra";"Karma";"Rumble";"AHQ";"2016-10-07";"https://www.youtube.com/watch?v=ZwXbUiM4SOo";"Week 2 Day 2 | Group C LoL S6 World Championship 2016";"618";"Caitlyn";"Twisted Fate";"Tahm Kench";"Malzahar";"Elise";"Ryze";"Alistar";"Jayce";"H2K";"WORLD"
182;"Caitlyn";"Tahm Kench";"Jhin";"Alistar";"Reksai";"Ryze";"Karma";"Kennen";"H2K";"2016-10-07";"https://www.youtube.com/watch?v=lT_R8BM3Vp4";"Week 2 Day 2 | Group C LoL S6 World Championship 2016";"618";"Ezreal";"Syndra";"Nidalee";"Olaf";"Elise";"Malzahar";"Karma";"Poppy";"EDG";"WORLD"
183;"Caitlyn";"Twisted Fate";"Tahm Kench";"Malzahar";"Lee sin";"Cassiopeia";"Alistar";"Poppy";"ITZ";"2016-10-07";"https://www.youtube.com/watch?v=6d_JBgfn6-0";"Week 2 Day 2 | Group C LoL S6 World Championship 2016";"618";"Jinx";"Gnar";"Syndra";"Nidalee";"Elise";"Lissandra";"Bard";"Jayce";"AHQ";"WORLD"
184;"Ezreal";"Caitlyn";"Ryze";"Karma";"Elise";"Aurelion Sol";"Bard";"Jayce";"ITZ";"2016-10-07";"https://www.youtube.com/watch?v=xsY_SmrXPlE";"Week 2 Day 2 | Group C LoL S6 World Championship 2016";"618";"Sivir";"Gnar";"Nidalee";"Syndra";"Olaf";"Cassiopeia";"Alistar";"Rumble";"H2K";"WORLD"
185;"Jinx";"Syndra";"Ryze";"Karma";"Elise";"Twisted Fate";"Tahm Kench";"Gnar";"AHQ";"2016-10-07";"https://www.youtube.com/watch?v=5A2vPuoVxq0";"Week 2 Day 2 | Group C LoL S6 World Championship 2016";"618";"Sivir";"Kennen";"Jayce";"Nidalee";"Olaf";"Vladimir";"Karma";"Poppy";"EDG";"WORLD"
186;"Jhin";"Leesin";"Syndra";"Aurelion Sol";"Reksai";"Viktor";"Tahm Kench";"Rumble";"SSG";"2016-10-08";"https://www.youtube.com/watch?v=OgdQ9azibwI";"Week 2 Day 3 | Group D LoL S6 World Championship 2016";"618";"Lucian";"Nidalee";"Zyra";"Ryze";"Olaf";"Zilean";"Karma";"Kennen";"TSM";"WORLD"
187;"Jhin";"Rumble";"Ezreal";"Vladimir";"Elise";"Malzahar";"Braum";"Jayce";"SPY";"2016-10-08";"https://www.youtube.com/watch?v=_FyY8pu2YtQ";"Week 2 Day 3 | Group D LoL S6 World Championship 2016";"618";"Caitlyn";"Aurelion Sol";"Nidalee";"Syndra";"Olaf";"Ryze";"Karma";"Poppy";"RNG";"WORLD"
188;"Jhin";"Kassadin";"Jayce";"Malzahar";"Reksai";"Syndra";"Braum";"Gnar";"TSM";"2016-10-08";"https://www.youtube.com/watch?v=v3S48yOCTwM";"Week 2 Day 3 | Group D LoL S6 World Championship 2016";"618";"Ezreal";"Nidalee";"Leesin";"Rumble";"Elise";"Vladimir";"Karma";"Irelia";"SPY";"WORLD"
189;"Caitlyn";"Leesin";"Syndra";"Aurelion Sol";"Olaf";"Viktor";"Zyra";"Ekko";"SSG";"2016-10-08";"https://www.youtube.com/watch?v=XF2IG5iwCS4";"Week 2 Day 3 | Group D LoL S6 World Championship 2016";"618";"Ezreal";"Karma";"Jhin";"Nidalee";"Reksai";"Malzahar";"Braum";"Rumble";"RNG";"WORLD"
190;"Sivir";"Rumble";"Olaf";"Viktor";"Elise";"Aurelion Sol";"Alistar";"Ekko";"SPY";"2016-10-08";"https://www.youtube.com/watch?v=N7glA_1nxrY";"Week 2 Day 3 | Group D LoL S6 World Championship 2016";"618";"Jhin";"Nidalee";"Syndra";"Jayce";"Reksai";"Ryze";"Tahm Kench";"Kennen";"SSG";"WORLD"
191;"Ezreal";"Leesin";"Jhin";"Karma";"Elise";"Aurelion Sol";"Nami";"Poppy";"RNG";"2016-10-09";"https://www.youtube.com/watch?v=n5Vry5WUD1c";"Week 2 Day 3 | Group D LoL S6 World Championship 2016";"618";"Lucian";"Nidalee";"Syndra";"Caitlyn";"Reksai";"Ryze";"Braum";"Jayce";"TSM";"WORLD"
192;"Sivir";"Skarner";"Nidalee";"Syndra";"Lee sin";"Aurelion Sol";"Alistar";"Ekko";"IM";"2016-10-09";"https://www.youtube.com/watch?v=ai8VBZ0zZv0";"Week 2 Day 4 | Group B LoL S6 World Championship 2016";"618";"Jhin";"Varus";"Karma";"Ryze";"Elise";"Malzahar";"Tahm Kench";"Poppy";"FW";"WORLD"
193;"Ezreal";"Karma";"Elise";"Nidalee";"Olaf";"Ryze";"Alistar";"Kennen";"C9";"2016-10-09";"https://www.youtube.com/watch?v=1l79rZZAqEk";"Week 2 Day 4 | Group B LoL S6 World Championship 2016";"618";"Jhin";"Aurelion Sol";"Syndra";"Caitlyn";"Leesin";"Viktor";"Zyra";"Jayce";"SKT";"WORLD"
194;"Ezreal";"Alistar";"Elise";"Aurelion Sol";"Nidalee";"Viktor";"Braum";"Gnar";"C9";"2016-10-09";"https://www.youtube.com/watch?v=zEvQ4tTkOx0";"Week 2 Day 4 | Group B LoL S6 World Championship 2016";"618";"Caitlyn";"Kennen";"Syndra";"Jhin";"Leesin";"Ryze";"Tahm Kench";"Poppy";"FW";"WORLD"
195;"Caitlyn";"Alistar";"Aurelion Sol";"Vladimir";"Olaf";"Varus";"Karma";"Jayce";"SKT";"2016-10-09";"https://www.youtube.com/watch?v=xO-wZyO7KQM";"Week 2 Day 4 | Group B LoL S6 World Championship 2016";"618";"Jhin";"Ryze";"Nidalee";"Syndra";"Khazix";"Cassiopeia";"Bard";"Nautilus";"IM";"WORLD"
196;"Sivir";"Olaf";"Caitlyn";"Syndra";"Skarner";"Viktor";"Kennen";"Maokai";"IM";"2016-10-09";"https://www.youtube.com/watch?v=1ejDdzyxJVg";"Week 2 Day 4 | Group B LoL S6 World Championship 2016";"618";"Jhin";"Nidalee";"Varus";"Elise";"Reksai";"Ryze";"Alistar";"Rumble";"C9";"WORLD"
197;"Caitlyn";"Karma";"Zyra";"Ryze";"Lee sin";"Viktor";"Braum";"Poppy";"FW";"2016-10-09";"https://www.youtube.com/watch?v=njJJ92YRCMQ";"Week 2 Day 4 | Group B LoL S6 World Championship 2016";"618";"Ezreal";"Alistar";"Nidalee";"Syndra";"Olaf";"Lissandra";"Nami";"Trundle";"SKT";"WORLD"
198;"Jhin";"Ryze";"Syndra";"Kennen";"Olaf";"Cassiopeia";"Karma";"Ekko";"SSG";"2016-10-13";"https://www.youtube.com/watch?v=ISDcc8Iydws";"Game 1 Quarter Finals S6 World Championship 2016";"618";"Caitlyn";"Tahm Kench";"Viktor";"Nidalee";"Reksai";"Orianna";"Alistar";"Rumble";"C9";"WORLD"
199;"Jhin";"Tahm Kench";"Viktor";"Olaf";"Reksai";"Cassiopeia";"Nami";"Jayce";"C9";"2016-10-13";"https://www.youtube.com/watch?v=M2NS7Lc_SDs";"Game 2 Quarter Finals S6 World Championship 2016";"618";"Caitlyn";"Nidalee";"Syndra";"Ryze";"Skarner";"Orianna";"Karma";"Kennen";"SSG";"WORLD"
200;"Sivir";"Ryze";"Syndra";"Kennen";"Olaf";"Cassiopeia";"Tahm Kench";"Poppy";"SSG";"2016-10-13";"https://www.youtube.com/watch?v=vRI92ycRecs";"Game 3 Quarter Finals S6 World Championship 2016";"618";"Caitlyn";"Viktor";"Jhin";"Nidalee";"Zac";"Orianna";"Karma";"Jayce";"C9";"WORLD"
201;"Ezreal";"Nidalee";"Caitlyn";"Syndra";"Lee sin";"Viktor";"Karma";"Poppy";"SKT";"2016-10-14";"https://www.youtube.com/watch?v=g0bSyigEsJE";"Game 1 Quarter Finals S6 World Championship 2016";"618";"Jhin";"Olaf";"Elise";"Ryze";"Reksai";"Vladimir";"Zyra";"Jayce";"RNG";"WORLD"
202;"Ezreal";"Ryze";"Jayce";"Elise";"Olaf";"Viktor";"Karma";"Poppy";"RNG";"2016-10-14";"https://www.youtube.com/watch?v=Z3AyCP8zGhU";"Game 2 Quarter Finals S6 World Championship 2016";"618";"Jhin";"Nidalee";"Caitlyn";"Syndra";"Zac";"Varus";"Zyra";"Kennen";"SKT";"WORLD"
203;"Ezreal";"Caitlyn";"Jayce";"Kennen";"Olaf";"Syndra";"Karma";"Gnar";"SKT";"2016-10-14";"https://www.youtube.com/watch?v=gilvwlMFAyw";"Game 3 Quarter Finals S6 World Championship 2016";"618";"Jhin";"Elise";"Ryze";"Nidalee";"Leesin";"Vladimir";"Zyra";"Rumble";"RNG";"WORLD"
204;"Ezreal";"Ryze";"Olaf";"Syndra";"Lee sin";"Aurelion Sol";"Karma";"Kennen";"RNG";"2016-10-14";"https://www.youtube.com/watch?v=y1wIyjGlKFY";"Game 4 Quarter Finals S6 World Championship 2016";"618";"Jhin";"Caitlyn";"Nidalee";"Jayce";"Elise";"Malzahar";"Zyra";"Irelia";"SKT";"WORLD"
205;"Caitlyn";"Reksai";"Poppy";"Syndra";"Lee sin";"Aurelion Sol";"Zyra";"Jayce";"ROX";"2016-10-15";"https://www.youtube.com/watch?v=SLGFMISi7ic";"Game 1 Quarter Finals S6 World Championship 2016";"618";"Ezreal";"Elise";"Nidalee";"Jhin";"Olaf";"Ryze";"Karma";"Rumble";"EDG";"WORLD"
206;"Jhin";"Elise";"Jayce";"Olaf";"Hecarim";"Ryze";"Karma";"Kennen";"EDG";"2016-10-15";"https://www.youtube.com/watch?v=V2MpK566zQY";"Game 2 Quarter Finals S6 World Championship 2016";"618";"Caitlyn";"Syndra";"Nidalee";"Reksai";"Leesin";"Aurelion Sol";"Zyra";"Maokai";"ROX";"WORLD"
207;"Jhin";"Syndra";"Poppy";"Reksai";"Lee sin";"Ryze";"Zyra";"Fiora";"ROX";"2016-10-15";"https://www.youtube.com/watch?v=fnlMNOcbKZc";"Game 3 Quarter Finals S6 World Championship 2016";"618";"Caitlyn";"Elise";"Nidalee";"Jayce";"Olaf";"Aurelion Sol";"Karma";"Rumble";"EDG";"WORLD"
208;"Caitlyn";"Elise";"Aurelion Sol";"Zyra";"Lee sin";"Jayce";"Karma";"Rumble";"EDG";"2016-10-15";"https://www.youtube.com/watch?v=s19t0cJ783E";"Game 4 Quarter Finals S6 World Championship 2016";"618";"Jhin";"Syndra";"Nidalee";"Reksai";"Olaf";"Ryze";"Karma";"Kennen";"ROX";"WORLD"
209;"Sivir";"Brand";"Poppy";"Jhin";"Lee sin";"Vladimir";"Zyra";"Jayce";"H2K";"2016-10-16";"https://www.youtube.com/watch?v=42B5T_8I8HE";"Game 1 Quarter Finals S6 World Championship 2016";"618";"Caitlyn";"Nidalee";"Ryze";"Kennen";"Olaf";"Syndra";"Bard";"Gnar";"ANX";"WORLD"
210;"Caitlyn";"Sivir";"Olaf";"Ryze";"Elise";"Syndra";"Alistar";"Gnar";"ANX";"2016-10-16";"https://www.youtube.com/watch?v=UzcF1EQFimo";"Game 2 Quarter Finals S6 World Championship 2016";"618";"Lucian";"Brand";"Poppy";"Nidalee";"Leesin";"Vladimir";"Zyra";"Jayce";"H2K";"WORLD"
211;"Lucian";"Brand";"Poppy";"Jhin";"Lee sin";"Syndra";"Zyra";"Jayce";"H2K";"2016-10-16";"https://www.youtube.com/watch?v=6YUqPPPlGOo";"Game 3 Quarter Finals S6 World Championship 2016";"618";"Caitlyn";"Nidalee";"Sivir";"Ryze";"Olaf";"Zilean";"Bard";"Gnar";"ANX";"WORLD"
